date,Close
2014-07-21,81.93
2014-07-18,83.35
2014-07-17,83.63
2014-07-16,84.91
2014-07-15,83.58
2014-07-14,84.4
2014-07-11,83.35
2014-07-10,83.42
2014-07-09,85.5
2014-07-08,84.69
2014-07-07,86.07
2014-07-04,87.05
2014-07-03,87.14
2014-07-02,85.84
2014-07-01,85.36
2014-06-30,85.03
2014-06-27,84.64
2014-06-26,85.0
2014-06-25,86.02
2014-06-24,86.52
2014-06-23,86.78
2014-06-20,87.36
2014-06-19,87.03
2014-06-18,86.02
2014-06-17,86.11
2014-06-16,85.17
2014-06-13,85.5
2014-06-12,86.2
2014-06-11,85.71
2014-06-10,85.87
2014-06-09,86.1
2014-06-06,85.86
2014-06-05,85.43
2014-06-04,85.09
2014-06-03,84.86
2014-06-02,84.5
2014-05-30,84.47
2014-05-29,84.73
2014-05-28,84.81
2014-05-27,84.44
2014-05-26,83.77
2014-05-23,83.08
2014-05-22,83.0
2014-05-21,82.97
2014-05-20,82.43
2014-05-19,82.78
2014-05-16,82.33
2014-05-15,83.17
2014-05-14,83.69
2014-05-13,83.49
2014-05-12,83.5
2014-05-09,82.43
2014-05-08,82.39
2014-05-07,81.24
2014-05-06,80.21
2014-05-05,81.28
2014-05-02,84.01
2014-05-01,83.43
2014-04-30,83.43
2014-04-29,82.81
2014-04-28,81.44
2014-04-25,81.2
2014-04-24,82.07
2014-04-23,81.47
2014-04-22,81.61
2014-04-21,79.36
2014-04-18,79.36
2014-04-17,79.36
2014-04-16,78.07
2014-04-15,76.98
2014-04-14,78.21
2014-04-11,77.62
2014-04-10,79.31
2014-04-09,78.84
2014-04-08,79.25
2014-04-07,78.89
2014-04-04,80.77
2014-04-03,80.03
2014-04-02,80.37
2014-04-01,80.72
2014-03-31,80.68
2014-03-28,80.41
2014-03-27,79.2
2014-03-26,78.79
2014-03-25,77.85
2014-03-24,76.5
2014-03-21,78.0
2014-03-20,77.49
2014-03-19,78.19
2014-03-18,77.83
2014-03-17,77.82
2014-03-14,76.92
2014-03-13,75.86
2014-03-12,78.2
2014-03-11,79.73
2014-03-10,79.34
2014-03-07,79.69
2014-03-06,81.15
2014-03-05,81.17
2014-03-04,82.19
2014-03-03,79.97
2014-02-28,83.42
2014-02-27,82.0
2014-02-26,83.81
2014-02-25,83.08
2014-02-24,83.26
2014-02-21,82.17
2014-02-20,82.24
2014-02-19,82.75
2014-02-18,82.63
2014-02-17,82.2
2014-02-14,82.51
2014-02-13,81.26
2014-02-12,80.57
2014-02-11,80.04
2014-02-10,78.32
2014-02-07,78.82
2014-02-06,78.17
2014-02-05,76.65
2014-02-04,76.59
2014-02-03,77.99
2014-01-31,79.53
2014-01-30,79.73
2014-01-29,79.0
2014-01-28,79.13
2014-01-27,77.61
2014-01-24,77.81
2014-01-23,79.74
2014-01-22,80.22
2014-01-21,80.61
2014-01-20,79.86
2014-01-17,79.49
2014-01-16,78.99
2014-01-15,78.18
2014-01-14,77.57
2014-01-13,77.49
2014-01-10,77.4
2014-01-09,76.72
2014-01-08,78.0
2014-01-07,78.52
2014-01-06,76.42
2014-01-03,76.57
2014-01-02,76.38
2014-01-01,77.49
2013-12-31,77.49
2013-12-30,77.49
2013-12-27,77.95
2013-12-26,76.9
2013-12-25,76.9
2013-12-24,76.9
2013-12-23,76.9
2013-12-20,76.01
2013-12-19,75.25
2013-12-18,74.51
2013-12-17,74.25
2013-12-16,75.17
2013-12-13,73.65
2013-12-12,73.94
2013-12-11,74.36
2013-12-10,75.09
2013-12-09,75.62
2013-12-06,75.64
2013-12-05,74.96
2013-12-04,75.72
2013-12-03,77.26
2013-12-02,78.97
2013-11-29,78.6
2013-11-28,78.18
2013-11-27,78.0
2013-11-26,77.51
2013-11-25,77.69
2013-11-22,76.64
2013-11-21,76.75
2013-11-20,77.2
2013-11-19,77.53
2013-11-18,77.96
2013-11-15,78.0
2013-11-14,77.82
2013-11-13,76.26
2013-11-12,76.09
2013-11-11,75.87
2013-11-08,75.68
2013-11-07,76.17
2013-11-06,75.85
2013-11-05,75.83
2013-11-04,76.1
2013-11-01,76.58
2013-10-31,76.63
2013-10-30,75.83
2013-10-29,76.04
2013-10-28,75.69
2013-10-25,75.17
2013-10-24,74.19
2013-10-23,74.05
2013-10-22,73.97
2013-10-21,73.48
2013-10-18,73.51
2013-10-17,72.95
2013-10-16,73.11
2013-10-15,72.17
2013-10-14,71.45
2013-10-11,71.69
2013-10-10,71.57
2013-10-09,69.9
2013-10-08,70.05
2013-10-07,70.37
2013-10-04,70.76
2013-10-03,70.95
2013-10-02,71.54
2013-10-01,71.63
2013-09-30,70.9
2013-09-27,71.53
2013-09-26,72.09
2013-09-25,72.19
2013-09-24,72.35
2013-09-23,72.3
2013-09-20,71.99
2013-09-19,72.25
2013-09-18,72.16
2013-09-17,72.08
2013-09-16,72.34
2013-09-13,69.79
2013-09-12,69.82
2013-09-11,69.62
2013-09-10,69.39
2013-09-09,67.26
2013-09-06,66.85
2013-09-05,67.11
2013-09-04,67.87
2013-09-03,67.23
2013-09-02,67.6
2013-08-30,66.13
2013-08-29,66.75
2013-08-28,66.84
2013-08-27,68.1
2013-08-26,69.24
2013-08-23,69.03
2013-08-22,68.31
2013-08-21,67.04
2013-08-20,67.62
2013-08-19,67.98
2013-08-16,68.01
2013-08-15,67.79
2013-08-14,67.9
2013-08-13,67.93
2013-08-12,66.11
2013-08-09,64.79
2013-08-08,65.2
2013-08-07,65.02
2013-08-06,65.81
2013-08-05,66.66
2013-08-02,67.88
2013-08-01,67.59
2013-07-31,66.66
2013-07-30,67.44
2013-07-29,66.52
2013-07-26,65.87
2013-07-25,66.74
2013-07-24,69.86
2013-07-23,69.8
2013-07-22,70.17
2013-07-19,70.0
2013-07-18,70.68
2013-07-17,70.83
2013-07-16,70.09
2013-07-15,70.8
2013-07-12,70.46
2013-07-11,71.2
2013-07-10,69.95
2013-07-09,69.72
2013-07-08,69.1
2013-07-05,66.96
2013-07-04,69.04
2013-07-03,67.77
2013-07-02,68.25
2013-07-01,68.59
2013-06-28,68.63
2013-06-27,68.33
2013-06-26,69.72
2013-06-25,69.32
2013-06-24,68.42
2013-06-21,69.5
2013-06-20,70.93
2013-06-19,73.9
2013-06-18,74.36
2013-06-17,73.72
2013-06-14,72.81
2013-06-13,72.34
2013-06-12,72.87
2013-06-11,73.36
2013-06-10,73.9
2013-06-07,72.83
2013-06-06,71.58
2013-06-05,73.12
2013-06-04,75.1
2013-06-03,75.79
2013-05-31,75.23
2013-05-30,74.99
2013-05-29,74.7
2013-05-28,75.3
2013-05-27,74.22
2013-05-24,73.45
2013-05-23,74.26
2013-05-22,75.41
2013-05-21,75.35
2013-05-20,73.94
2013-05-17,74.42
2013-05-16,73.98
2013-05-15,73.58
2013-05-14,74.3
2013-05-13,73.99
2013-05-10,73.81
2013-05-09,74.06
2013-05-08,73.63
2013-05-07,73.76
2013-05-06,73.0
2013-05-03,73.34
2013-05-02,71.8
2013-05-01,70.92
2013-04-30,70.92
2013-04-29,70.73
2013-04-26,72.59
2013-04-25,70.0
2013-04-24,68.35
2013-04-23,67.66
2013-04-22,66.04
2013-04-19,65.63
2013-04-18,65.63
2013-04-17,65.55
2013-04-16,68.12
2013-04-15,68.63
2013-04-12,68.4
2013-04-11,69.31
2013-04-10,68.5
2013-04-09,66.91
2013-04-08,66.7
2013-04-05,66.87
2013-04-04,69.0
2013-04-03,69.3
2013-04-02,69.52
2013-04-01,68.32
2013-03-29,68.32
2013-03-28,68.32
2013-03-27,67.98
2013-03-26,69.62
2013-03-25,69.57
2013-03-22,70.8
2013-03-21,71.3
2013-03-20,73.54
2013-03-19,73.35
2013-03-18,74.32
2013-03-15,75.09
2013-03-14,75.32
2013-03-13,74.02
2013-03-12,73.36
2013-03-11,73.48
2013-03-08,73.28
2013-03-07,73.4
2013-03-06,73.48
2013-03-05,73.05
2013-03-04,71.57
2013-03-01,71.83
2013-02-28,72.18
2013-02-27,72.09
2013-02-26,71.66
2013-02-25,75.01
2013-02-22,74.32
2013-02-21,72.8
2013-02-20,74.12
2013-02-19,73.79
2013-02-18,71.45
2013-02-15,70.75
2013-02-14,71.32
2013-02-13,72.53
2013-02-12,71.51
2013-02-11,71.85
2013-02-08,72.08
2013-02-07,71.94
2013-02-06,72.09
2013-02-05,73.46
2013-02-04,73.14
2013-02-01,75.85
2013-01-31,74.66
2013-01-30,75.1
2013-01-29,75.81
2013-01-28,75.58
2013-01-25,75.6
2013-01-24,73.79
2013-01-23,72.86
2013-01-22,73.11
2013-01-21,73.81
2013-01-18,73.17
2013-01-17,73.2
2013-01-16,72.35
2013-01-15,71.86
2013-01-14,71.76
2013-01-11,71.0
2013-01-10,70.92
2013-01-09,71.41
2013-01-08,71.14
2013-01-07,71.64
2013-01-04,72.47
2013-01-03,72.35
2013-01-02,73.18
2013-01-01,71.15
2012-12-31,71.15
2012-12-28,71.15
2012-12-27,71.8
2012-12-26,71.17
2012-12-25,71.17
2012-12-24,71.17
2012-12-21,71.17
2012-12-20,72.3
2012-12-19,73.09
2012-12-18,72.77
2012-12-17,72.14
2012-12-14,72.04
2012-12-13,71.81
2012-12-12,71.55
2012-12-11,71.3
2012-12-10,70.61
2012-12-07,70.01
2012-12-06,70.33
2012-12-05,69.3
2012-12-04,68.95
2012-12-03,69.47
2012-11-30,68.9
2012-11-29,68.76
2012-11-28,68.11
2012-11-27,67.9
2012-11-26,67.39
2012-11-23,67.54
2012-11-22,66.58
2012-11-21,65.78
2012-11-20,65.8
2012-11-19,64.35
2012-11-16,62.5
2012-11-15,63.2
2012-11-14,63.63
2012-11-13,64.09
2012-11-12,63.06
2012-11-09,63.17
2012-11-08,63.42
2012-11-07,63.47
2012-11-06,64.87
2012-11-05,64.36
2012-11-02,65.09
2012-11-01,64.7
2012-10-31,63.93
2012-10-30,64.1
2012-10-29,63.57
2012-10-26,63.68
2012-10-25,63.18
2012-10-24,62.66
2012-10-23,62.5
2012-10-22,65.15
2012-10-19,65.87
2012-10-18,66.17
2012-10-17,65.5
2012-10-16,65.58
2012-10-15,64.9
2012-10-12,64.38
2012-10-11,64.95
2012-10-10,64.08
2012-10-09,64.38
2012-10-08,65.47
2012-10-05,66.74
2012-10-04,65.6
2012-10-03,66.84
2012-10-02,66.61
2012-10-01,67.46
2012-09-28,65.65
2012-09-27,66.55
2012-09-26,66.72
2012-09-25,67.9
2012-09-24,67.48
2012-09-21,67.9
2012-09-20,67.44
2012-09-19,66.95
2012-09-18,66.78
2012-09-17,66.65
2012-09-14,66.63
2012-09-13,65.0
2012-09-12,65.66
2012-09-11,65.72
2012-09-10,64.13
2012-09-07,64.2
2012-09-06,63.77
2012-09-05,61.43
2012-09-04,61.51
2012-09-03,62.44
2012-08-31,61.81
2012-08-30,61.22
2012-08-29,62.52
2012-08-28,62.45
2012-08-27,62.82
2012-08-24,62.13
2012-08-23,61.68
2012-08-22,62.32
2012-08-21,63.04
2012-08-20,62.3
2012-08-17,62.05
2012-08-16,61.52
2012-08-15,61.21
2012-08-14,61.26
2012-08-13,60.51
2012-08-10,60.93
2012-08-09,60.99
2012-08-08,60.94
2012-08-07,61.21
2012-08-06,60.38
2012-08-03,59.71
2012-08-02,57.75
2012-08-01,59.08
2012-07-31,59.48
2012-07-30,60.24
2012-07-27,58.94
2012-07-26,57.76
2012-07-25,56.16
2012-07-24,55.99
2012-07-23,56.24
2012-07-20,58.01
2012-07-19,58.61
2012-07-18,57.46
2012-07-17,56.91
2012-07-16,56.25
2012-07-13,55.96
2012-07-12,54.66
2012-07-11,54.97
2012-07-10,55.38
2012-07-09,55.46
2012-07-06,56.1
2012-07-05,56.89
2012-07-04,57.1
2012-07-03,56.5
2012-07-02,55.25
2012-06-29,54.7
2012-06-28,51.89
2012-06-27,53.09
2012-06-26,53.05
2012-06-25,52.74
2012-06-22,54.09
2012-06-21,56.35
2012-06-20,56.87
2012-06-19,57.19
2012-06-18,56.1
2012-06-15,55.91
2012-06-14,55.1
2012-06-13,55.79
2012-06-12,55.83
2012-06-11,55.83
2012-06-08,55.47
2012-06-07,55.75
2012-06-06,54.66
2012-06-05,53.45
2012-06-04,53.48
2012-06-01,54.06
2012-05-31,56.38
2012-05-30,56.79
2012-05-29,57.95
2012-05-28,57.01
2012-05-25,57.05
2012-05-24,57.08
2012-05-23,56.78
2012-05-22,58.32
2012-05-21,57.47
2012-05-18,56.94
2012-05-17,56.82
2012-05-16,57.34
2012-05-15,57.29
2012-05-14,57.69
2012-05-11,58.76
2012-05-10,58.21
2012-05-09,57.57
2012-05-08,57.46
2012-05-07,58.98
2012-05-04,59.49
2012-05-03,60.92
2012-05-02,61.31
2012-05-01,62.19
2012-04-30,62.19
2012-04-27,65.25
2012-04-26,65.0
2012-04-25,65.19
2012-04-24,63.93
2012-04-23,63.67
2012-04-20,66.2
2012-04-19,65.01
2012-04-18,64.72
2012-04-17,65.57
2012-04-16,62.86
2012-04-13,61.63
2012-04-12,63.55
2012-04-11,62.69
2012-04-10,62.01
2012-04-09,63.48
2012-04-06,63.48
2012-04-05,63.48
2012-04-04,63.55
2012-04-03,65.69
2012-04-02,66.61
2012-03-30,65.59
2012-03-29,64.96
2012-03-28,65.98
2012-03-27,67.2
2012-03-26,67.07
2012-03-23,65.85
2012-03-22,65.92
2012-03-21,67.25
2012-03-20,67.23
2012-03-19,67.42
2012-03-16,67.98
2012-03-15,67.44
2012-03-14,66.69
2012-03-13,66.62
2012-03-12,65.52
2012-03-09,65.22
2012-03-08,64.88
2012-03-07,63.01
2012-03-06,62.42
2012-03-05,65.65
2012-03-02,66.64
2012-03-01,67.24
2012-02-29,65.9
2012-02-28,66.52
2012-02-27,65.81
2012-02-24,64.7
2012-02-23,64.58
2012-02-22,64.15
2012-02-21,65.0
2012-02-20,64.66
2012-02-17,62.98
2012-02-16,62.0
2012-02-15,61.98
2012-02-14,61.23
2012-02-13,60.73
2012-02-10,60.38
2012-02-09,61.42
2012-02-08,60.56
2012-02-07,60.87
2012-02-06,61.35
2012-02-03,61.32
2012-02-02,60.48
2012-02-01,59.89
2012-01-31,58.78
2012-01-30,59.81
2012-01-27,60.48
2012-01-26,60.0
2012-01-25,59.25
2012-01-24,58.72
2012-01-23,58.95
2012-01-20,58.39
2012-01-19,59.01
2012-01-18,59.03
2012-01-17,58.79
2012-01-16,57.92
2012-01-13,57.62
2012-01-12,58.2
2012-01-11,57.5
2012-01-10,57.49
2012-01-09,55.67
2012-01-06,55.92
2012-01-05,56.75
2012-01-04,56.16
2012-01-03,56.35
2012-01-02,55.14
2011-12-30,53.89
2011-12-29,53.17
2011-12-28,52.39
2011-12-27,53.17
2011-12-26,52.83
2011-12-23,52.83
2011-12-22,52.63
2011-12-21,52.4
2011-12-20,52.9
2011-12-19,51.15
2011-12-16,51.71
2011-12-15,51.13
2011-12-14,50.58
2011-12-13,51.1
2011-12-12,51.61
2011-12-09,53.9
2011-12-08,53.14
2011-12-07,53.88
2011-12-06,54.11
2011-12-05,54.56
2011-12-02,53.98
2011-12-01,53.06
2011-11-30,54.04
2011-11-29,50.56
2011-11-28,49.53
2011-11-25,47.24
2011-11-24,46.44
2011-11-23,47.08
2011-11-22,47.37
2011-11-21,48.15
2011-11-18,49.72
2011-11-17,50.26
2011-11-16,50.58
2011-11-15,50.89
2011-11-14,51.19
2011-11-11,51.6
2011-11-10,50.2
2011-11-09,49.97
2011-11-08,50.79
2011-11-07,50.41
2011-11-04,51.32
2011-11-03,53.33
2011-11-02,51.5
2011-11-01,50.85
2011-10-31,53.19
2011-10-28,54.99
2011-10-27,54.37
2011-10-26,50.6
2011-10-25,51.85
2011-10-24,51.63
2011-10-21,50.79
2011-10-20,49.1
2011-10-19,50.1
2011-10-18,50.87
2011-10-17,50.5
2011-10-14,51.31
2011-10-13,50.55
2011-10-12,51.04
2011-10-11,50.3
2011-10-10,51.06
2011-10-07,49.49
2011-10-06,49.01
2011-10-05,46.81
2011-10-04,44.0
2011-10-03,45.05
2011-09-30,46.08
2011-09-29,47.24
2011-09-28,46.51
2011-09-27,47.01
2011-09-26,45.4
2011-09-23,44.27
2011-09-22,44.35
2011-09-21,46.42
2011-09-20,47.83
2011-09-19,46.47
2011-09-16,47.43
2011-09-15,47.81
2011-09-14,46.38
2011-09-13,44.67
2011-09-12,43.66
2011-09-09,44.2
2011-09-08,46.62
2011-09-07,46.25
2011-09-06,44.4
2011-09-05,44.46
2011-09-02,47.06
2011-09-01,48.83
2011-08-31,49.67
2011-08-30,48.03
2011-08-29,48.36
2011-08-26,47.62
2011-08-25,48.25
2011-08-24,49.9
2011-08-23,48.28
2011-08-22,47.84
2011-08-19,48.6
2011-08-18,50.52
2011-08-17,53.5
2011-08-16,53.98
2011-08-15,54.32
2011-08-12,54.15
2011-08-11,52.23
2011-08-10,49.53
2011-08-09,52.11
2011-08-08,50.99
2011-08-05,53.99
2011-08-04,56.63
2011-08-03,58.51
2011-08-02,60.15
2011-08-01,61.21
2011-07-29,63.22
2011-07-28,63.09
2011-07-27,65.86
2011-07-26,66.75
2011-07-25,67.34
2011-07-22,66.57
2011-07-21,66.76
2011-07-20,66.2
2011-07-19,67.0
2011-07-18,67.43
2011-07-15,67.91
2011-07-14,68.5
2011-07-13,68.23
2011-07-12,67.0
2011-07-11,66.95
2011-07-08,68.37
2011-07-07,68.75
2011-07-06,68.45
2011-07-05,67.8
2011-07-04,67.7
2011-07-01,67.84
2011-06-30,67.57
2011-06-29,66.31
2011-06-28,64.72
2011-06-27,63.68
2011-06-24,64.29
2011-06-23,64.44
2011-06-22,65.27
2011-06-21,65.2
2011-06-20,62.8
2011-06-17,63.29
2011-06-16,62.85
2011-06-15,63.1
2011-06-14,64.53
2011-06-13,63.19
2011-06-10,63.15
2011-06-09,64.0
2011-06-08,62.24
2011-06-07,62.6
2011-06-06,62.86
2011-06-03,62.42
2011-06-02,61.46
2011-06-01,63.41
2011-05-31,64.26
2011-05-30,61.92
2011-05-27,61.3
2011-05-26,60.83
2011-05-25,61.17
2011-05-24,61.69
2011-05-23,61.23
2011-05-20,62.66
2011-05-19,63.58
2011-05-18,63.08
2011-05-17,62.4
2011-05-16,64.39
2011-05-13,64.06
2011-05-12,64.14
2011-05-11,64.87
2011-05-10,66.3
2011-05-09,65.64
2011-05-06,68.41
2011-05-05,66.0
2011-05-04,66.59
2011-05-03,68.62
2011-05-02,68.62
2011-04-29,69.4
2011-04-28,68.56
2011-04-27,67.83
2011-04-26,66.6
2011-04-21,65.86
2011-04-20,65.3
2011-04-19,62.33
2011-04-18,62.26
2011-04-15,64.05
2011-04-14,62.97
2011-04-13,63.05
2011-04-12,62.59
2011-04-11,64.41
2011-04-08,63.83
2011-04-07,63.11
2011-04-06,63.43
2011-04-05,62.28
2011-04-04,61.95
2011-04-01,61.89
2011-03-31,61.03
2011-03-30,60.46
2011-03-29,59.27
2011-03-28,59.09
2011-03-25,59.03
2011-03-24,58.37
2011-03-23,56.47
2011-03-22,56.46
2011-03-21,56.93
2011-03-18,56.25
2011-03-17,55.31
2011-03-16,53.96
2011-03-15,55.46
2011-03-14,57.78
2011-03-11,58.39
2011-03-10,58.73
2011-03-09,59.39
2011-03-08,59.96
2011-03-07,61.26
2011-03-04,60.6
2011-03-03,60.96
2011-03-02,60.33
2011-03-01,59.82
2011-02-28,60.26
2011-02-25,59.18
2011-02-24,59.0
2011-02-23,58.75
2011-02-22,59.49
2011-02-21,59.9
2011-02-18,61.54
2011-02-17,60.97
2011-02-16,60.3
2011-02-15,60.56
2011-02-14,59.49
2011-02-11,58.04
2011-02-10,58.53
2011-02-09,57.82
2011-02-08,57.69
2011-02-07,58.45
2011-02-04,57.35
2011-02-03,57.77
2011-02-02,58.04
2011-02-01,58.0
2011-01-31,56.18
2011-01-28,56.29
2011-01-27,57.41
2011-01-26,57.22
2011-01-25,56.12
2011-01-24,55.93
2011-01-21,56.64
2011-01-20,55.65
2011-01-19,55.95
2011-01-18,57.41
2011-01-17,57.15
2011-01-14,57.57
2011-01-13,58.42
2011-01-12,58.57
2011-01-11,57.07
2011-01-10,56.78
2011-01-07,57.1
2011-01-06,57.94
2011-01-05,57.89
2011-01-04,58.8
2011-01-03,60.42
2010-12-30,59.7
2010-12-29,61.35
2010-12-28,60.6
2010-12-27,60.66
2010-12-23,61.42
2010-12-22,61.61
2010-12-21,61.71
2010-12-20,61.05
2010-12-17,60.83
2010-12-16,61.73
2010-12-15,61.51
2010-12-14,60.95
2010-12-13,60.69
2010-12-10,60.5
2010-12-09,60.39
2010-12-08,60.98
2010-12-07,61.15
2010-12-06,60.02
2010-12-03,59.19
2010-12-02,59.95
2010-12-01,59.26
2010-11-30,57.5
2010-11-29,56.29
2010-11-26,58.36
2010-11-25,59.18
2010-11-24,58.67
2010-11-23,56.68
2010-11-22,57.82
2010-11-19,57.4
2010-11-18,57.26
2010-11-17,55.49
2010-11-16,54.98
2010-11-15,57.18
2010-11-12,56.12
2010-11-11,56.63
2010-11-10,56.09
2010-11-09,57.41
2010-11-08,56.75
2010-11-05,57.17
2010-11-04,56.15
2010-11-03,54.09
2010-11-02,54.23
2010-11-01,52.57
2010-10-29,52.28
2010-10-28,52.37
2010-10-27,52.22
2010-10-26,52.69
2010-10-25,53.11
2010-10-22,52.77
2010-10-21,52.8
2010-10-20,51.93
2010-10-19,50.64
2010-10-18,51.03
2010-10-15,50.97
2010-10-13,49.71
2010-10-12,48.48
2010-10-11,48.6
2010-10-08,48.73
2010-10-07,47.77
2010-10-06,48.51
2010-10-05,47.24
2010-10-04,46.46
2010-10-01,46.87
2010-09-30,46.26
2010-09-29,46.46
2010-09-28,46.87
2010-09-27,46.6
2010-09-24,46.92
2010-09-23,45.62
2010-09-22,45.58
2010-09-21,45.28
2010-09-20,45.46
2010-09-17,44.77
2010-09-16,45.2
2010-09-15,45.02
2010-09-14,45.17
2010-09-13,44.69
2010-09-10,43.69
2010-09-09,43.51
2010-09-08,43.09
2010-09-07,43.0
2010-09-06,43.38
2010-09-03,43.34
2010-09-02,43.03
2010-09-01,43.0
2010-08-31,41.63
2010-08-30,41.62
2010-08-27,42.03
2010-08-26,41.94
2010-08-25,41.35
2010-08-24,41.9
2010-08-23,42.74
2010-08-20,42.55
2010-08-19,43.47
2010-08-18,44.47
2010-08-17,44.7
2010-08-16,43.66
2010-08-13,43.8
2010-08-12,44.56
2010-08-11,44.31
2010-08-10,45.35
2010-08-09,45.76
2010-08-06,44.74
2010-08-05,45.56
2010-08-04,46.45
2010-08-03,45.9
2010-08-02,46.31
2010-07-30,44.81
2010-07-29,44.38
2010-07-28,45.33
2010-07-27,46.11
2010-07-26,46.74
2010-07-23,46.71
2010-07-22,45.99
2010-07-21,44.44
2010-07-20,44.2
2010-07-19,44.49
2010-07-16,44.96
2010-07-15,45.87
2010-07-14,46.36
2010-07-13,46.5
2010-07-12,46.03
2010-07-09,45.74
2010-07-08,45.01
2010-07-07,44.5
2010-07-06,44.58
2010-07-05,43.35
2010-07-02,43.84
2010-07-01,43.9
2010-06-30,45.11
2010-06-29,45.29
2010-06-28,47.54
2010-06-25,46.16
2010-06-24,46.26
2010-06-23,46.83
2010-06-22,46.74
2010-06-21,46.9
2010-06-18,46.22
2010-06-17,46.56
2010-06-16,46.46
2010-06-15,45.9
2010-06-14,45.75
2010-06-11,44.89
2010-06-10,44.79
2010-06-09,44.2
2010-06-08,43.1
2010-06-07,42.81
2010-06-04,42.74
2010-06-03,43.54
2010-06-02,42.81
2010-06-01,43.03
2010-05-31,43.06
2010-05-28,42.85
2010-05-27,43.31
2010-05-26,41.56
2010-05-25,40.71
2010-05-24,41.88
2010-05-21,42.0
2010-05-20,42.37
2010-05-19,43.79
2010-05-18,45.5
2010-05-17,44.68
2010-05-14,44.38
2010-05-13,45.67
2010-05-12,45.0
2010-05-11,43.56
2010-05-10,43.74
2010-05-07,41.0
2010-05-06,42.55
2010-05-05,42.49
2010-05-04,43.06
2010-05-03,44.6
2010-04-30,43.98
2010-04-29,45.92
2010-04-28,46.4
2010-04-27,47.1
2010-04-26,48.54
2010-04-23,47.75
2010-04-22,46.17
2010-04-21,46.42
2010-04-20,46.1
2010-04-19,45.65
2010-04-16,45.95
2010-04-15,46.53
2010-04-14,46.69
2010-04-13,46.64
2010-04-12,46.92
2010-04-09,46.97
2010-04-08,46.25
2010-04-07,46.62
2010-04-06,47.06
2010-04-01,47.0
2010-03-31,45.92
2010-03-30,45.72
2010-03-29,45.52
2010-03-26,45.25
2010-03-25,45.34
2010-03-24,44.87
2010-03-23,44.94
2010-03-22,44.71
2010-03-19,44.3
2010-03-18,44.76
2010-03-17,44.55
2010-03-16,44.15
2010-03-15,43.72
2010-03-12,44.26
2010-03-11,44.24
2010-03-10,44.03
2010-03-09,43.28
2010-03-08,43.23
2010-03-05,43.1
2010-03-04,41.75
2010-03-03,42.28
2010-03-02,42.14
2010-03-01,42.1
2010-02-26,41.24
2010-02-25,41.12
2010-02-24,40.65
2010-02-23,41.26
2010-02-22,41.8
2010-02-19,42.06
2010-02-18,42.01
2010-02-17,41.55
2010-02-16,40.84
2010-02-15,40.21
2010-02-12,40.2
2010-02-11,40.26
2010-02-10,40.43
2010-02-09,40.01
2010-02-08,40.02
2010-02-05,39.43
2010-02-04,40.26
2010-02-03,42.13
2010-02-02,42.0
2010-02-01,41.73
2010-01-29,41.22
2010-01-28,40.03
2010-01-27,40.35
2010-01-26,39.92
2010-01-25,40.02
2010-01-22,40.47
2010-01-21,40.9
2010-01-20,41.46
2010-01-19,42.86
2010-01-18,42.32
2010-01-15,41.56
2010-01-14,42.46
2010-01-13,42.38
2010-01-12,41.98
2010-01-11,43.53
2010-01-08,44.02
2010-01-07,44.15
2010-01-06,44.45
2010-01-05,44.17
2010-01-04,44.85
2009-12-31,43.46
2009-12-30,43.46
2009-12-29,43.82
2009-12-28,43.95
2009-12-24,43.87
2009-12-23,43.87
2009-12-22,43.5
2009-12-21,43.5
2009-12-18,42.99
2009-12-17,43.18
2009-12-16,43.75
2009-12-15,43.07
2009-12-14,42.97
2009-12-11,43.04
2009-12-10,42.25
2009-12-09,41.63
2009-12-08,41.22
2009-12-07,42.53
2009-12-04,41.89
2009-12-03,41.4
2009-12-02,41.6
2009-12-01,40.97
2009-11-30,40.16
2009-11-27,40.59
2009-11-26,40.25
2009-11-25,41.9
2009-11-24,41.26
2009-11-23,41.48
2009-11-20,39.87
2009-11-19,39.89
2009-11-18,40.29
2009-11-17,40.55
2009-11-16,41.02
2009-11-13,39.76
2009-11-12,39.47
2009-11-11,39.36
2009-11-10,38.72
2009-11-09,38.5
2009-11-06,37.55
2009-11-05,37.87
2009-11-04,36.96
2009-11-03,36.24
2009-11-02,36.44
2009-10-30,36.5
2009-10-29,37.42
2009-10-28,37.0
2009-10-27,38.24
2009-10-26,38.29
2009-10-23,39.16
2009-10-22,39.5
2009-10-21,40.4
2009-10-20,40.02
2009-10-19,40.82
2009-10-16,39.4
2009-10-15,40.11
2009-10-14,40.61
2009-10-13,37.82
2009-10-12,38.35
2009-10-09,37.49
2009-10-08,37.47
2009-10-07,36.24
2009-10-06,36.12
2009-10-05,34.69
2009-10-02,34.15
2009-10-01,34.73
2009-09-30,36.21
2009-09-29,36.07
2009-09-28,36.35
2009-09-25,35.26
2009-09-24,35.75
2009-09-23,36.45
2009-09-22,36.8
2009-09-21,36.41
2009-09-18,36.98
2009-09-17,36.55
2009-09-16,36.57
2009-09-15,35.94
2009-09-14,35.81
2009-09-11,36.18
2009-09-10,35.91
2009-09-09,36.49
2009-09-08,36.47
2009-09-07,35.97
2009-09-04,34.96
2009-09-03,34.58
2009-09-02,35.9
2009-09-01,36.13
2009-08-31,36.39
2009-08-28,36.96
2009-08-27,36.31
2009-08-26,36.86
2009-08-25,38.13
2009-08-24,36.78
2009-08-21,36.2
2009-08-20,35.41
2009-08-19,34.49
2009-08-18,34.46
2009-08-17,33.96
2009-08-14,34.77
2009-08-13,36.01
2009-08-12,34.57
2009-08-11,34.57
2009-08-10,35.27
2009-08-07,35.25
2009-08-06,35.09
2009-08-05,35.63
2009-08-04,35.68
2009-08-03,36.15
2009-07-31,35.16
2009-07-30,34.2
2009-07-29,34.81
2009-07-28,33.83
2009-07-27,33.96
2009-07-24,34.29
2009-07-23,34.4
2009-07-22,33.25
2009-07-21,32.73
2009-07-20,31.99
2009-07-17,31.71
2009-07-16,31.5
2009-07-15,31.06
2009-07-14,29.69
2009-07-13,29.04
2009-07-10,27.66
2009-07-09,27.75
2009-07-08,27.5
2009-07-07,27.55
2009-07-06,27.6
2009-07-03,27.66
2009-07-02,27.61
2009-07-01,29.11
2009-06-30,28.33
2009-06-29,29.12
2009-06-26,28.02
2009-06-25,28.17
2009-06-24,28.88
2009-06-23,28.0
2009-06-22,28.08
2009-06-19,29.03
2009-06-18,28.98
2009-06-17,29.28
2009-06-16,30.44
2009-06-15,30.82
2009-06-12,31.59
2009-06-11,31.45
2009-06-10,31.04
2009-06-09,30.79
2009-06-08,30.9
2009-06-05,31.34
2009-06-04,31.3
2009-06-03,31.78
2009-06-02,31.9
2009-06-01,31.89
2009-05-29,29.75
2009-05-28,29.94
2009-05-27,30.43
2009-05-26,30.48
2009-05-25,29.97
2009-05-22,29.93
2009-05-21,29.69
2009-05-20,30.69
2009-05-19,29.1
2009-05-18,28.73
2009-05-15,27.9
2009-05-14,27.4
2009-05-13,28.13
2009-05-12,29.41
2009-05-11,29.2
2009-05-08,29.52
2009-05-07,28.83
2009-05-06,29.22
2009-05-05,29.0
2009-05-04,29.05
2009-05-01,28.57
2009-04-30,28.57
2009-04-29,26.61
2009-04-28,26.82
2009-04-27,27.31
2009-04-24,27.13
2009-04-23,25.79
2009-04-22,26.5
2009-04-21,25.86
2009-04-20,26.06
2009-04-17,27.14
2009-04-16,27.07
2009-04-15,27.23
2009-04-14,27.72
2009-04-10,26.89
2009-04-09,26.89
2009-04-08,25.24
2009-04-07,25.21
2009-04-06,25.69
2009-04-03,25.96
2009-04-02,24.83
2009-04-01,23.08
2009-03-31,22.79
2009-03-30,22.24
2009-03-27,23.79
2009-03-26,24.26
2009-03-25,24.33
2009-03-24,24.79
2009-03-23,24.56
2009-03-20,23.95
2009-03-19,23.65
2009-03-18,23.55
2009-03-17,23.96
2009-03-16,24.31
2009-03-13,24.26
2009-03-12,24.33
2009-03-11,23.74
2009-03-10,22.72
2009-03-09,20.77
2009-03-06,20.74
2009-03-05,20.8
2009-03-04,22.25
2009-03-03,20.71
2009-03-02,20.99
2009-02-27,21.96
2009-02-26,22.62
2009-02-25,21.07
2009-02-24,21.72
2009-02-23,21.45
2009-02-20,21.74
2009-02-19,22.93
2009-02-18,23.2
2009-02-17,23.23
2009-02-16,24.4
2009-02-13,24.58
2009-02-12,24.05
2009-02-11,24.96
2009-02-10,25.02
2009-02-09,26.29
2009-02-06,26.1
2009-02-05,24.09
2009-02-04,24.3
2009-02-03,22.57
2009-02-02,22.26
2009-01-30,22.72
2009-01-29,23.63
2009-01-28,22.86
2009-01-27,22.16
2009-01-26,22.41
2009-01-23,21.86
2009-01-22,22.78
2009-01-21,23.01
2009-01-20,22.85
2009-01-19,22.68
2009-01-16,23.76
2009-01-15,23.18
2009-01-14,24.06
2009-01-13,25.44
2009-01-12,25.57
2009-01-09,25.72
2009-01-08,26.65
2009-01-07,26.49
2009-01-06,27.49
2009-01-05,27.59
2009-01-02,27.9
2009-01-01,27.73
2008-12-31,27.73
2008-12-30,27.73
2008-12-29,26.85
2008-12-26,26.0
2008-12-25,26.0
2008-12-24,26.0
2008-12-23,26.0
2008-12-22,26.25
2008-12-19,26.43
2008-12-18,26.66
2008-12-17,26.42
2008-12-16,26.38
2008-12-15,25.3
2008-12-12,25.07
2008-12-11,25.66
2008-12-10,26.3
2008-12-09,25.44
2008-12-08,24.66
2008-12-05,22.61
2008-12-04,23.62
2008-12-03,23.14
2008-12-02,23.84
2008-12-01,23.28
2008-11-28,25.1
2008-11-27,25.15
2008-11-26,24.5
2008-11-25,25.19
2008-11-24,24.23
2008-11-21,21.68
2008-11-20,22.46
2008-11-19,21.96
2008-11-18,25.43
2008-11-17,25.55
2008-11-14,25.88
2008-11-13,25.72
2008-11-12,25.4
2008-11-11,26.18
2008-11-10,27.49
2008-11-07,26.08
2008-11-06,25.41
2008-11-05,27.95
2008-11-04,29.23
2008-11-03,27.54
2008-10-31,26.07
2008-10-30,24.06
2008-10-29,24.61
2008-10-28,20.63
2008-10-27,19.95
2008-10-24,22.38
2008-10-23,23.44
2008-10-22,23.8
2008-10-21,25.0
2008-10-20,24.79
2008-10-17,24.52
2008-10-16,23.96
2008-10-15,26.34
2008-10-14,29.1
2008-10-13,28.45
2008-10-10,25.55
2008-10-09,28.43
2008-10-08,28.3
2008-10-07,31.24
2008-10-06,31.7
2008-10-03,33.26
2008-10-02,32.5
2008-10-01,33.69
2008-09-30,33.75
2008-09-29,33.64
2008-09-26,34.97
2008-09-25,35.29
2008-09-24,34.57
2008-09-23,34.4
2008-09-22,34.2
2008-09-19,34.98
2008-09-18,32.81
2008-09-17,33.83
2008-09-16,35.16
2008-09-15,36.24
2008-09-12,37.81
2008-09-11,37.41
2008-09-10,37.44
2008-09-09,37.75
2008-09-08,38.5
2008-09-05,38.17
2008-09-04,39.03
2008-09-03,39.71
2008-09-02,39.9
2008-09-01,39.42
2008-08-29,39.38
2008-08-28,39.25
2008-08-27,39.35
2008-08-26,39.46
2008-08-25,39.26
2008-08-22,39.5
2008-08-21,39.28
2008-08-20,39.72
2008-08-19,39.85
2008-08-18,39.99
2008-07-28,41.26
2008-07-25,41.81
2008-07-24,41.35
2008-07-23,42.13
2008-07-22,42.1
2008-07-21,41.44
2008-07-18,41.25
2008-07-17,40.93
2008-07-16,40.5
2008-07-15,40.36
2008-07-14,40.69
2008-07-11,40.56
2008-07-10,41.23
2008-07-09,41.49
2008-07-08,41.86
2008-07-07,42.73
2008-07-04,42.2
2008-07-03,42.61
2008-07-02,42.77
2008-07-01,43.32
2008-06-30,43.82
2008-06-27,44.12
2008-06-26,88.58
2008-06-25,89.68
2008-06-24,90.07
2008-06-23,90.6
2008-06-20,89.81
2008-06-19,92.38
2008-06-18,92.65
2008-06-17,94.39
2008-06-16,93.47
2008-06-13,94.86
2008-06-12,94.21
2008-06-11,92.95
2008-06-10,93.99
2008-06-09,96.12
2008-06-06,94.42
2008-06-05,96.25
2008-06-04,96.69
2008-06-03,96.7
2008-06-02,95.21
2008-05-30,96.37
2008-05-29,95.37
2008-05-28,95.18
2008-05-27,93.8
2008-05-26,94.07
2008-05-23,93.35
2008-05-22,94.22
2008-05-21,94.16
2008-05-20,93.07
2008-05-19,93.36
2008-05-16,92.83
2008-05-15,91.64
2008-05-14,91.24
2008-05-13,91.29
2008-05-12,89.78
2008-05-09,89.09
2008-05-08,90.45
2008-05-07,90.78
2008-05-06,91.17
2008-05-05,91.6
2008-05-02,90.92
2008-04-30,91.65
2008-04-29,90.73
2008-04-28,90.41
2008-04-25,90.05
2008-04-24,93.83
2008-04-23,92.98
2008-04-22,91.87
2008-04-21,93.02
2008-04-18,93.45
2008-04-17,91.65
2008-04-16,91.5
2008-04-15,90.1
2008-04-14,88.56
2008-04-11,89.03
2008-04-10,89.99
2008-04-09,89.09
2008-04-08,89.35
2008-04-07,89.24
2008-04-04,88.86
2008-04-03,88.81
2008-04-02,88.58
2008-04-01,87.15
2008-03-31,85.31
2008-03-28,84.89
2008-03-27,85.93
2008-03-26,84.03
2008-03-25,85.57
2008-03-24,83.73
2008-03-21,83.73
2008-03-20,83.73
2008-03-19,85.16
2008-03-18,85.68
2008-03-17,83.14
2008-03-14,83.7
2008-03-13,84.01
2008-03-12,84.48
2008-03-11,84.38
2008-03-10,82.58
2008-03-07,83.28
2008-03-06,84.35
2008-03-05,84.85
2008-03-04,82.07
2008-03-03,83.63
2008-02-29,83.98
2008-02-28,85.2
2008-02-27,86.5
2008-02-26,86.55
2008-02-25,85.02
2008-02-22,84.53
2008-02-21,85.33
2008-02-20,86.87
2008-02-19,88.26
2008-02-18,87.0
2008-02-15,85.54
2008-02-14,87.23
2008-02-13,86.74
2008-02-12,86.47
2008-02-11,84.08
2008-02-08,83.95
2008-02-07,84.15
2008-02-06,85.83
2008-02-05,85.06
2008-02-04,87.55
2008-02-01,87.93
2008-01-31,87.21
2008-01-30,85.56
2008-01-29,85.99
2008-01-28,83.16
2008-01-25,84.26
2008-01-24,84.46
2008-01-23,80.51
2008-01-22,85.5
2008-01-21,85.0
2008-01-18,91.95
2008-01-17,94.87
2008-01-16,95.55
2008-01-15,98.84
2008-01-14,99.47
2008-01-11,99.84
2008-01-10,99.78
2008-01-09,104.82
2008-01-08,103.97
2008-01-07,104.2
2008-01-04,102.17
2008-01-03,101.6
2008-01-02,100.94
2008-01-01,101.41
2007-12-31,101.41
2007-12-28,101.41
2007-12-27,101.61
2007-12-26,101.08
2007-12-25,101.08
2007-12-24,101.08
2007-12-21,101.08
2007-12-20,98.68
2007-12-19,97.86
2007-12-18,97.38
2007-12-17,97.17
2007-12-14,98.23
2007-12-13,98.5
2007-12-12,98.12
2007-12-11,96.74
2007-12-10,96.49
2007-12-07,97.2
2007-12-06,96.75
2007-12-05,96.35
2007-12-04,94.45
2007-12-03,94.56
2007-11-30,94.76
2007-11-29,94.16
2007-11-28,93.41
2007-11-27,90.72
2007-11-26,91.85
2007-11-23,92.61
2007-11-22,92.62
2007-11-21,91.41
2007-11-20,90.71
2007-11-19,87.44
2007-11-16,90.16
2007-11-15,91.06
2007-11-14,92.9
2007-11-13,92.28
2007-11-12,91.47
2007-11-09,92.8
2007-11-08,93.37
2007-11-07,94.09
2007-11-06,93.7
2007-11-05,92.85
2007-11-02,92.89
2007-11-01,93.1
2007-10-31,95.5
2007-10-30,95.91
2007-10-29,98.34
2007-10-26,97.85
2007-10-25,97.55
2007-10-24,95.8
2007-10-23,96.64
2007-10-22,95.43
2007-10-19,96.57
2007-10-18,95.63
2007-10-17,95.98
2007-10-16,95.34
2007-10-15,95.01
2007-10-12,95.61
2007-10-11,95.16
2007-10-10,95.26
2007-10-09,96.08
2007-10-08,97.08
2007-10-05,95.97
2007-10-04,95.12
2007-10-03,95.5
2007-10-02,95.67
2007-10-01,97.15
2007-09-28,97.0
2007-09-27,97.12
2007-09-26,96.65
2007-09-25,97.68
2007-09-24,97.22
2007-09-21,96.04
2007-09-20,96.19
2007-09-19,96.39
2007-09-18,94.84
2007-09-17,93.49
2007-09-14,93.01
2007-09-13,93.34
2007-09-12,92.54
2007-09-11,92.75
2007-09-10,92.01
2007-09-07,93.5
2007-09-06,95.25
2007-09-05,95.27
2007-09-04,97.61
2007-09-03,96.59
2007-08-31,97.13
2007-08-30,95.51
2007-08-29,94.08
2007-08-28,92.85
2007-08-27,93.14
2007-08-24,92.7
2007-08-23,92.68
2007-08-22,92.34
2007-08-21,92.17
2007-08-20,90.63
2007-08-17,90.08
2007-08-16,90.08
2007-08-15,92.06
2007-08-14,91.87
2007-08-13,93.5
2007-08-10,91.5
2007-08-09,91.66
2007-08-08,94.43
2007-08-07,94.16
2007-08-06,93.67
2007-08-03,91.85
2007-08-02,93.9
2007-08-01,93.15
2007-07-31,95.3
2007-07-30,93.82
2007-07-27,91.73
2007-07-26,94.0
2007-07-25,94.84
2007-07-24,96.1
2007-07-23,97.88
2007-07-20,97.53
2007-07-19,98.6
2007-07-18,97.73
2007-07-17,99.45
2007-07-16,99.22
2007-07-13,98.93
2007-07-12,97.11
2007-07-11,95.84
2007-07-10,96.9
2007-07-09,99.16
2007-07-06,98.64
2007-07-05,96.6
2007-07-04,97.34
2007-07-03,97.52
2007-07-02,96.09
2007-06-29,97.24
2007-06-28,94.8
2007-06-27,92.67
2007-06-26,92.82
2007-06-25,93.73
2007-06-22,94.66
2007-06-21,94.61
2007-06-20,96.36
2007-06-19,94.66
2007-06-18,94.03
2007-06-15,92.04
2007-06-14,89.28
2007-06-13,87.72
2007-06-12,88.23
2007-06-11,88.12
2007-06-08,86.62
2007-06-07,86.85
2007-06-06,88.44
2007-06-05,92.26
2007-06-04,92.23
2007-06-01,92.45
2007-05-31,92.04
2007-05-30,89.99
2007-05-29,90.5
2007-05-28,90.89
2007-05-25,90.89
2007-05-24,90.57
2007-05-23,90.65
2007-05-22,91.36
2007-05-21,91.32
2007-05-18,90.08
2007-05-17,88.41
2007-05-16,88.44
2007-05-15,88.35
2007-05-14,87.77
2007-05-11,87.68
2007-05-10,87.46
2007-05-09,87.93
2007-05-08,87.72
2007-05-07,88.46
2007-05-04,88.22
2007-05-03,87.67
2007-05-02,87.15
2007-05-01,87.43
2007-04-30,87.43
2007-04-27,87.74
2007-04-26,88.47
2007-04-25,90.21
2007-04-24,88.77
2007-04-23,89.15
2007-04-20,89.61
2007-04-19,88.9
2007-04-18,89.32
2007-04-17,90.15
2007-04-16,90.9
2007-04-13,89.22
2007-04-12,86.44
2007-04-11,86.9
2007-04-10,87.77
2007-04-09,86.77
2007-04-06,86.77
2007-04-05,86.77
2007-04-04,85.84
2007-04-03,84.99
2007-04-02,84.17
2007-03-30,84.28
2007-03-29,83.75
2007-03-28,82.47
2007-03-27,81.47
2007-03-26,79.75
2007-03-23,79.0
2007-03-22,79.37
2007-03-21,78.03
2007-03-20,77.96
2007-03-19,77.36
2007-03-16,76.32
2007-03-15,77.04
2007-03-14,75.42
2007-03-13,77.54
2007-03-12,78.94
2007-03-09,78.71
2007-03-08,78.46
2007-03-07,78.0
2007-03-06,77.11
2007-03-05,76.07
2007-03-02,76.82
2007-03-01,76.66
2007-02-28,76.85
2007-02-27,77.87
2007-02-26,80.14
2007-02-23,79.17
2007-02-22,79.94
2007-02-21,75.85
2007-02-20,76.11
2007-02-19,75.99
2007-02-16,76.22
2007-02-15,76.71
2007-02-14,77.0
2007-02-13,76.81
2007-02-12,76.5
2007-02-09,77.0
2007-02-08,76.26
2007-02-07,76.74
2007-02-06,76.8
2007-02-05,75.5
2007-02-02,75.64
2007-02-01,75.68
2007-01-31,73.93
2007-01-30,73.04
2007-01-29,72.78
2007-01-26,71.95
2007-01-25,71.96
2007-01-24,72.82
2007-01-23,72.22
2007-01-22,72.65
2007-01-19,73.46
2007-01-18,73.18
2007-01-17,73.93
2007-01-16,73.9
2007-01-15,73.89
2007-01-12,73.56
2007-01-11,72.78
2007-01-10,72.01
2007-01-09,73.42
2007-01-08,72.95
2007-01-05,73.15
2007-01-04,73.66
2007-01-03,74.47
2007-01-02,74.82
2007-01-01,73.85
2006-12-29,73.85
2006-12-28,74.24
2006-12-27,74.18
2006-12-26,72.94
2006-12-25,72.94
2006-12-22,72.94
2006-12-21,73.53
2006-12-20,73.46
2006-12-19,72.06
2006-12-18,72.56
2006-12-15,72.57
2006-12-14,71.63
2006-12-13,71.63
2006-12-12,71.32
2006-12-11,71.01
2006-12-08,71.01
2006-12-07,70.74
2006-12-06,70.47
2006-12-05,70.35
2006-12-04,69.5
2006-12-01,69.0
2006-11-30,69.68
2006-11-29,70.25
2006-11-28,69.65
2006-11-27,69.35
2006-11-24,70.71
2006-11-23,71.6
2006-11-22,70.2
2006-11-21,70.31
2006-11-20,70.0
2006-11-17,70.48
2006-11-16,70.39
2006-11-15,70.68
2006-11-14,70.48
2006-11-13,69.85
2006-11-10,70.0
2006-11-09,68.72
2006-11-08,68.6
2006-11-07,68.26
2006-11-06,67.98
2006-11-03,67.3
2006-11-02,67.85
2006-11-01,68.57
2006-10-31,69.06
2006-10-30,68.95
2006-10-27,68.92
2006-10-26,68.51
2006-10-25,67.53
2006-10-24,67.42
2006-10-23,67.44
2006-10-20,66.85
2006-10-19,66.36
2006-10-18,66.21
2006-10-17,65.12
2006-10-16,65.82
2006-10-13,65.68
2006-10-12,65.77
2006-10-11,65.33
2006-10-10,65.13
2006-10-09,65.14
2006-10-06,64.68
2006-10-05,64.76
2006-10-04,64.41
2006-10-03,63.62
2006-10-02,63.74
2006-09-29,63.15
2006-09-28,62.91
2006-09-27,63.34
2006-09-26,63.09
2006-09-25,62.36
2006-09-22,62.34
2006-09-21,63.04
2006-09-20,62.22
2006-09-19,61.36
2006-09-18,62.1
2006-09-15,62.47
2006-09-14,62.43
2006-09-13,63.29
2006-09-12,63.3
2006-09-11,63.08
2006-09-08,63.34
2006-09-07,62.88
2006-09-06,63.41
2006-09-05,64.64
2006-09-04,64.93
2006-09-01,64.65
2006-08-31,64.33
2006-08-30,64.78
2006-08-29,63.94
2006-08-28,64.12
2006-08-25,63.67
2006-08-24,63.34
2006-08-23,62.69
2006-08-22,63.13
2006-08-21,63.1
2006-08-18,63.47
2006-08-17,63.39
2006-08-16,62.8
2006-08-15,62.65
2006-08-14,61.9
2006-08-11,61.59
2006-08-10,61.51
2006-08-09,62.39
2006-08-08,61.5
2006-08-07,61.49
2006-08-04,62.55
2006-08-03,62.11
2006-08-02,62.38
2006-08-01,62.4
2006-07-31,63.01
2006-07-28,62.66
2006-07-27,63.07
2006-07-26,62.89
2006-07-25,62.35
2006-07-24,62.37
2006-07-21,61.27
2006-07-20,61.87
2006-07-19,61.86
2006-07-18,60.75
2006-07-17,60.77
2006-07-14,60.69
2006-07-13,61.88
2006-07-12,62.79
2006-07-11,62.34
2006-07-10,62.98
2006-07-07,62.55
2006-07-06,62.57
2006-07-05,62.33
2006-07-04,63.72
2006-07-03,63.36
2006-06-30,62.78
2006-06-29,61.68
2006-06-28,59.89
2006-06-27,60.12
2006-06-26,60.76
2006-06-23,60.91
2006-06-22,60.72
2006-06-21,60.46
2006-06-20,60.1
2006-06-19,59.46
2006-06-16,59.16
2006-06-15,59.16
2006-06-14,59.16
2006-06-13,58.97
2006-06-12,59.92
2006-06-09,61.11
2006-06-08,60.86
2006-06-07,62.61
2006-06-06,62.16
2006-06-05,62.69
2006-06-02,63.15
2006-06-01,63.22
2006-05-31,63.5
2006-05-30,63.01
2006-05-29,64.55
2006-05-26,64.99
2006-05-25,64.5
2006-05-24,62.96
2006-05-23,63.68
2006-05-22,62.22
2006-05-19,63.79
2006-05-18,63.55
2006-05-17,63.37
2006-05-16,65.43
2006-05-15,65.61
2006-05-12,66.25
2006-05-11,67.95
2006-05-10,67.78
2006-05-09,68.84
2006-05-08,68.0
2006-05-05,68.74
2006-05-04,69.01
2006-05-03,67.41
2006-05-02,68.75
2006-04-28,67.96
2006-04-27,68.26
2006-04-26,69.05
2006-04-25,68.56
2006-04-24,69.47
2006-04-21,69.49
2006-04-20,67.55
2006-04-19,65.37
2006-04-18,64.29
2006-04-17,64.15
2006-04-14,64.15
2006-04-13,64.15
2006-04-12,63.44
2006-04-11,63.6
2006-04-10,64.09
2006-04-07,63.63
2006-04-06,64.48
2006-04-05,64.3
2006-04-04,64.75
2006-04-03,65.13
2006-03-31,64.7
2006-03-30,65.34
2006-03-29,64.4
2006-03-28,64.31
2006-03-27,64.72
2006-03-24,65.95
2006-03-23,64.3
2006-03-22,64.04
2006-03-21,63.32
2006-03-20,63.48
2006-03-17,62.78
2006-03-16,63.42
2006-03-15,62.8
2006-03-14,62.56
2006-03-13,62.4
2006-03-10,62.82
2006-03-09,62.52
2006-03-08,62.15
2006-03-07,62.31
2006-03-06,61.65
2006-03-03,62.3
2006-03-02,63.39
2006-03-01,63.87
2006-02-28,63.26
2006-02-27,64.18
2006-02-24,63.56
2006-02-23,62.99
2006-02-22,63.15
2006-02-21,63.0
2006-02-20,62.9
2006-02-17,62.9
2006-02-16,63.47
2006-02-15,63.44
2006-02-14,64.2
2006-02-13,63.81
2006-02-10,63.72
2006-02-09,64.51
2006-02-08,63.86
2006-02-07,64.48
2006-02-06,64.47
2006-02-03,64.55
2006-02-02,64.46
2006-02-01,65.55
2006-01-31,64.86
2006-01-30,63.58
2006-01-27,64.19
2006-01-26,62.74
2006-01-25,62.85
2006-01-24,61.95
2006-01-23,62.12
2006-01-20,61.93
2006-01-19,62.89
2006-01-18,63.39
2006-01-17,63.64
2006-01-16,63.49
2006-01-13,62.63
2006-01-12,63.32
2006-01-11,63.1
2006-01-10,62.33
2006-01-09,62.89
2006-01-06,63.29
2006-01-05,63.55
2006-01-04,63.05
2006-01-03,63.9
2006-01-02,64.83
2005-12-30,64.71
2005-12-29,65.33
2005-12-28,65.1
2005-12-27,65.12
2005-12-26,64.93
2005-12-23,64.93
2005-12-22,64.8
2005-12-21,64.92
2005-12-20,64.19
2005-12-19,63.92
2005-12-16,64.44
2005-12-15,63.26
2005-12-14,62.95
2005-12-13,62.73
2005-12-12,62.83
2005-12-09,63.1
2005-12-08,63.1
2005-12-07,62.86
2005-12-06,63.5
2005-12-05,63.29
2005-12-02,63.87
2005-12-01,63.77
2005-11-30,62.65
2005-11-29,62.7
2005-11-28,62.5
2005-11-25,62.8
2005-11-24,62.68
2005-11-23,62.46
2005-11-22,62.17
2005-11-21,62.08
2005-11-18,61.32
2005-11-17,61.13
2005-11-16,60.98
2005-11-15,61.65
2005-11-14,61.17
2005-11-11,60.93
2005-11-10,59.5
2005-11-09,60.0
2005-11-08,59.28
2005-11-07,59.73
2005-11-04,59.02
2005-11-03,59.5
2005-11-02,59.19
2005-11-01,60.0
2005-10-31,60.15
2005-10-28,58.79
2005-10-27,58.37
2005-10-26,59.88
2005-10-25,59.32
2005-10-24,60.25
2005-10-21,58.78
2005-10-20,59.55
2005-10-19,59.3
2005-10-18,60.38
2005-10-17,60.58
2005-10-14,61.44
2005-10-13,61.53
2005-10-12,61.83
2005-10-11,62.88
2005-10-10,63.4
2005-10-07,62.88
2005-10-06,62.7
2005-10-05,63.6
2005-10-04,64.6
2005-10-03,63.94
2005-09-30,62.5
2005-09-29,61.4
2005-09-28,61.71
2005-09-27,60.54
2005-09-26,61.18
2005-09-23,59.09
2005-09-22,58.39
2005-09-21,59.0
2005-09-20,60.37
2005-09-19,59.85
2005-09-16,60.4
2005-09-15,59.46
2005-09-14,59.65
2005-09-13,59.52
2005-09-12,60.75
2005-09-09,60.1
2005-09-08,59.99
2005-09-07,59.84
2005-09-06,59.45
2005-09-05,58.67
2005-09-02,57.99
2005-09-01,57.6
2005-08-31,56.79
2005-08-30,56.52
2005-08-29,56.67
2005-08-26,56.16
2005-08-25,57.15
2005-08-24,57.99
2005-08-23,58.04
2005-08-22,58.29
2005-08-19,57.87
2005-08-18,57.0
2005-08-17,57.6
2005-08-16,57.16
2005-08-15,58.2
2005-08-12,58.25
2005-08-11,59.01
2005-08-10,58.9
2005-08-09,58.75
2005-08-08,57.96
2005-08-05,57.67
2005-08-04,58.41
2005-08-03,59.45
2005-08-02,59.92
2005-08-01,58.84
2005-07-29,58.6
2005-07-28,58.73
2005-07-27,57.0
2005-07-26,57.4
2005-07-25,57.65
2005-07-22,57.65
2005-07-21,57.96
2005-07-20,57.54
2005-07-19,57.42
2005-07-18,56.11
2005-07-15,56.05
2005-07-14,56.26
2005-07-13,55.7
2005-07-12,55.11
2005-07-11,55.34
2005-07-08,54.5
2005-07-07,53.8
2005-07-06,54.76
2005-07-05,54.87
2005-07-04,55.58
2005-07-01,55.7
2005-06-30,55.0
2005-06-29,55.02
2005-06-28,55.6
2005-06-27,54.74
2005-06-24,54.89
2005-06-23,56.25
2005-06-22,56.08
2005-06-21,56.27
2005-06-20,56.22
2005-06-17,56.82
2005-06-16,56.39
2005-06-15,56.01
2005-06-14,56.39
2005-06-13,56.44
2005-06-10,56.22
2005-06-09,55.76
2005-06-08,55.85
2005-06-07,55.8
2005-06-06,55.17
2005-06-03,55.15
2005-06-02,55.46
2005-06-01,55.05
2005-05-31,53.91
2005-05-30,54.18
2005-05-27,53.68
2005-05-26,53.61
2005-05-25,53.61
2005-05-24,53.48
2005-05-23,52.91
2005-05-20,52.64
2005-05-19,52.67
2005-05-18,52.11
2005-05-17,50.74
2005-05-16,51.1
2005-05-13,51.33
2005-05-12,52.2
2005-05-11,51.79
2005-05-10,52.12
2005-05-09,52.29
2005-05-06,52.5
2005-05-05,51.91
2005-05-04,51.66
2005-05-03,51.47
2005-05-02,50.81
2005-04-29,50.11
2005-04-28,51.44
2005-04-27,51.5
2005-04-26,52.49
2005-04-25,52.56
2005-04-22,52.03
2005-04-21,51.52
2005-04-20,51.8
2005-04-19,52.09
2005-04-18,51.03
2005-04-15,52.18
2005-04-14,53.5
2005-04-13,54.52
2005-04-12,55.11
2005-04-11,55.72
2005-04-08,56.11
2005-04-07,56.22
2005-04-06,56.28
2005-04-05,55.53
2005-04-04,55.01
2005-04-01,55.34
2005-03-31,54.69
2005-03-30,54.22
2005-03-29,54.93
2005-03-28,54.74
2005-03-25,54.74
2005-03-24,54.74
2005-03-23,55.34
2005-03-22,55.0
2005-03-21,54.45
2005-03-18,54.7
2005-03-17,54.88
2005-03-16,55.3
2005-03-15,56.45
2005-03-14,56.0
2005-03-11,56.1
2005-03-10,56.13
2005-03-09,56.84
2005-03-08,57.25
2005-03-07,58.3
2005-03-04,57.5
2005-03-03,56.32
2005-03-02,56.49
2005-03-01,56.77
2005-02-28,56.54
2005-02-25,56.36
2005-02-24,56.0
2005-02-23,55.9
2005-02-22,56.13
2005-02-21,56.74
2005-02-18,56.77
2005-02-17,56.3
2005-02-16,56.04
2005-02-15,56.4
2005-02-14,55.83
2005-02-11,55.6
2005-02-10,54.83
2005-02-09,54.96
2005-02-08,54.5
2005-02-07,54.02
2005-02-04,53.7
2005-02-03,53.0
2005-02-02,53.13
2005-02-01,52.95
2005-01-31,52.39
2005-01-28,51.83
2005-01-27,52.15
2005-01-26,51.6
2005-01-25,51.72
2005-01-24,51.87
2005-01-21,52.03
2005-01-20,52.58
2005-01-19,52.95
2005-01-18,52.41
2005-01-17,52.25
2005-01-14,52.06
2005-01-13,51.73
2005-01-12,51.34
2005-01-11,51.83
2005-01-10,52.52
2005-01-07,52.89
2005-01-06,52.66
2005-01-05,52.68
2005-01-04,53.17
2005-01-03,53.36
2004-12-31,53.0
2004-12-30,53.0
2004-12-29,52.77
2004-12-28,52.78
2004-12-27,52.44
2004-12-24,52.3
2004-12-23,52.3
2004-12-22,51.65
2004-12-21,51.85
2004-12-20,51.78
2004-12-17,50.97
2004-12-16,51.79
2004-12-15,51.38
2004-12-14,51.65
2004-12-13,51.87
2004-12-10,51.48
2004-12-09,50.97
2004-12-08,51.17
2004-12-07,52.34
2004-12-06,52.3
2004-12-03,51.81
2004-12-02,51.93
2004-12-01,52.0
2004-11-30,50.64
2004-11-29,51.04
2004-11-26,51.15
2004-11-25,51.23
2004-11-24,50.49
2004-11-23,50.53
2004-11-22,50.71
2004-11-19,50.88
2004-11-18,51.05
2004-11-17,50.6
2004-11-16,49.58
2004-11-15,49.8
2004-11-12,50.01
2004-11-11,50.23
2004-11-10,51.16
2004-11-09,50.28
2004-11-08,49.94
2004-11-05,50.1
2004-11-04,49.7
2004-11-03,49.45
2004-11-02,49.8
2004-11-01,49.75
2004-10-29,48.9
2004-10-28,48.75
2004-10-27,48.85
2004-10-26,47.97
2004-10-25,47.77
2004-10-22,49.16
2004-10-21,48.48
2004-10-20,47.93
2004-10-19,48.6
2004-10-18,47.62
2004-10-15,47.28
2004-10-14,46.87
2004-10-13,47.17
2004-10-12,47.3
2004-10-11,48.05
2004-10-08,48.15
2004-10-07,48.9
2004-10-06,48.76
2004-10-05,48.63
2004-10-04,48.56
2004-10-01,48.76
2004-09-30,47.45
2004-09-29,47.65
2004-09-28,46.03
2004-09-27,45.68
2004-09-24,45.82
2004-09-23,45.73
2004-09-22,46.19
2004-09-21,46.66
2004-09-20,46.63
2004-09-17,46.72
2004-09-16,46.15
2004-09-15,46.12
2004-09-14,46.06
2004-09-13,46.0
2004-09-10,45.36
2004-09-09,45.23
2004-09-08,45.57
2004-09-07,45.65
2004-09-06,45.63
2004-09-03,45.55
2004-09-02,44.89
2004-09-01,44.74
2004-08-31,44.41
2004-08-30,44.88
2004-08-27,45.04
2004-08-26,44.67
2004-08-25,44.35
2004-08-24,43.8
2004-08-23,44.02
2004-08-20,43.55
2004-08-19,43.44
2004-08-18,43.47
2004-08-17,43.14
2004-08-16,43.0
2004-08-13,42.65
2004-08-12,43.31
2004-08-11,43.18
2004-08-10,43.65
2004-08-09,43.66
2004-08-06,43.98
2004-08-05,45.15
2004-08-04,44.5
2004-08-03,44.67
2004-08-02,44.02
2004-07-30,44.28
2004-07-29,44.03
2004-07-28,43.21
2004-07-27,43.17
2004-07-26,42.54
2004-07-23,43.12
2004-07-22,42.83
2004-07-21,43.9
2004-07-20,43.71
2004-07-19,43.6
2004-07-16,44.01
2004-07-15,43.98
2004-07-14,44.13
2004-07-13,44.0
2004-07-12,43.85
2004-07-09,44.02
2004-07-08,44.12
2004-07-07,43.74
2004-07-06,43.41
2004-07-05,43.92
2004-07-02,43.84
2004-07-01,43.98
2004-06-30,43.99
2004-06-29,44.45
2004-06-28,44.31
2004-06-25,43.56
2004-06-24,43.64
2004-06-23,42.8
2004-06-22,42.34
2004-06-21,42.86
2004-06-18,42.69
2004-06-17,42.63
2004-06-16,42.6
2004-06-15,42.11
2004-06-14,41.81
2004-06-11,42.49
2004-06-10,42.78
2004-06-09,42.57
2004-06-08,42.9
2004-06-07,43.13
2004-06-04,42.68
2004-06-03,42.37
2004-06-02,42.36
2004-06-01,41.89
2004-05-31,42.13
2004-05-28,41.86
2004-05-27,42.37
2004-05-26,41.65
2004-05-25,41.03
2004-05-24,41.74
2004-05-21,41.38
2004-05-20,41.63
2004-05-19,41.94
2004-05-18,41.41
2004-05-17,40.95
2004-05-14,41.39
2004-05-13,41.5
2004-05-12,40.74
2004-05-11,41.18
2004-05-10,40.6
2004-05-07,41.36
2004-05-06,41.43
2004-05-05,42.38
2004-05-04,42.12
2004-05-03,42.9
2004-04-30,43.04
2004-04-29,43.85
2004-04-28,44.0
2004-04-27,44.81
2004-04-26,44.89
2004-04-23,44.55
2004-04-22,44.25
2004-04-21,43.75
2004-04-20,44.58
2004-04-19,44.11
2004-04-16,44.01
2004-04-15,43.65
2004-04-14,43.52
2004-04-13,43.9
2004-04-12,43.22
2004-04-09,43.22
2004-04-08,43.22
2004-04-07,43.54
2004-04-06,43.2
2004-04-05,43.87
2004-04-02,43.32
2004-04-01,41.99
2004-03-31,41.33
2004-03-30,41.41
2004-03-29,41.67
2004-03-26,41.15
2004-03-25,41.42
2004-03-24,40.57
2004-03-23,40.67
2004-03-22,40.49
2004-03-19,41.01
2004-03-18,41.7
2004-03-17,42.5
2004-03-16,41.65
2004-03-15,40.8
2004-03-12,42.02
2004-03-11,41.65
2004-03-10,43.17
2004-03-09,43.16
2004-03-08,43.78
2004-03-05,43.4
2004-03-04,43.61
2004-03-03,43.37
2004-03-02,44.0
2004-03-01,43.86
2004-02-27,42.8
2004-02-26,42.35
2004-02-25,41.73
2004-02-24,41.61
2004-02-23,42.0
2004-02-20,41.92
2004-02-19,42.65
2004-02-18,42.14
2004-02-17,42.4
2004-02-16,42.72
2004-02-13,41.96
2004-02-12,43.12
2004-02-11,43.18
2004-02-10,43.73
2004-02-09,43.61
2004-02-06,43.0
2004-02-05,43.04
2004-02-04,43.48
2004-02-03,43.76
2004-02-02,44.48
2004-01-30,44.39
2004-01-29,44.85
2004-01-28,44.91
2004-01-27,44.94
2004-01-26,44.54
2004-01-23,44.82
2004-01-22,44.96
2004-01-21,45.25
2004-01-20,45.02
2004-01-19,45.5
2004-01-16,45.22
2004-01-15,45.2
2004-01-14,45.63
2004-01-13,44.97
2004-01-12,44.66
2004-01-09,44.7
2004-01-08,45.0
2004-01-07,45.0
2004-01-06,45.08
2004-01-05,44.82
2004-01-02,44.74
2004-01-01,44.58
2003-12-31,44.58
2003-12-30,44.58
2003-12-29,43.91
2003-12-26,43.29
2003-12-25,43.29
2003-12-24,43.29
2003-12-23,43.29
2003-12-22,42.9
2003-12-19,43.16
2003-12-18,42.54
2003-12-17,42.16
2003-12-16,42.26
2003-12-15,42.4
2003-12-12,42.0
2003-12-11,42.4
2003-12-10,42.5
2003-12-09,43.31
2003-12-08,42.41
2003-12-05,42.74
2003-12-04,43.0
2003-12-03,43.35
2003-12-02,42.28
2003-12-01,42.4
2003-11-28,41.26
2003-11-27,41.34
2003-11-26,40.96
2003-11-25,41.46
2003-11-24,41.74
2003-11-21,41.26
2003-11-20,41.32
2003-11-19,41.04
2003-11-18,41.23
2003-11-17,41.2
2003-11-14,42.3
2003-11-13,42.0
2003-11-12,41.51
2003-11-11,41.64
2003-11-10,41.77
2003-11-07,42.63
2003-11-06,41.55
2003-11-05,41.72
2003-11-04,41.27
2003-11-03,39.98
2003-10-31,38.6
2003-10-30,40.24
2003-10-29,40.04
2003-10-28,40.27
2003-10-27,39.73
2003-10-24,38.93
2003-10-23,38.92
2003-10-22,38.9
2003-10-21,40.26
2003-10-20,39.96
2003-10-17,39.51
2003-10-16,40.28
2003-10-15,39.88
2003-10-14,39.68
2003-10-13,39.4
2003-10-10,38.9
2003-10-09,40.05
2003-10-08,38.8
2003-10-07,38.33
2003-10-06,38.7
2003-10-03,41.5
2003-10-02,37.55
2003-10-01,38.7
2003-09-30,37.7
2003-09-29,38.2
2003-09-26,38.6
2003-09-25,38.12
2003-09-24,37.83
2003-09-23,39.55
2003-09-22,39.96
2003-09-19,41.5
2003-09-18,41.07
2003-09-17,41.2
2003-09-16,41.63
2003-09-15,41.32
2003-09-12,40.92
2003-09-11,41.83
2003-09-10,41.41
2003-09-09,41.75
2003-09-08,42.44
2003-09-05,42.17
2003-09-04,42.68
2003-09-03,43.1
2003-09-02,42.85
2003-09-01,43.05
2003-08-29,41.75
2003-08-28,42.42
2003-08-27,42.61
2003-08-26,42.36
2003-08-25,42.22
2003-08-22,42.8
2003-08-21,42.4
2003-08-20,42.22
2003-08-19,41.85
2003-08-18,42.36
2003-08-15,41.79
2003-08-14,41.19
2003-08-13,40.35
2003-08-12,40.13
2003-08-11,39.85
2003-08-08,39.93
2003-08-07,39.83
2003-08-06,41.65
2003-08-05,42.15
2003-08-04,41.79
2003-08-01,42.28
2003-07-31,42.45
2003-07-30,41.25
2003-07-29,41.2
2003-07-28,40.95
2003-07-25,40.39
2003-07-24,40.92
2003-07-23,40.3
2003-07-22,40.47
2003-07-21,40.59
2003-07-18,40.85
2003-07-17,40.34
2003-07-16,39.97
2003-07-15,39.9
2003-07-14,40.5
2003-07-11,39.71
2003-07-10,38.51
2003-07-09,38.9
2003-07-08,39.65
2003-07-07,39.31
2003-07-04,37.66
2003-07-03,36.3
2003-07-02,37.28
2003-07-01,36.52
2003-06-30,37.24
2003-06-27,41.5
2003-06-26,37.99
2003-06-25,37.77
2003-06-24,38.17
2003-06-23,39.15
2003-06-20,39.2
2003-06-19,39.3
2003-06-18,39.99
2003-06-17,39.45
2003-06-16,39.1
2003-06-13,38.15
2003-06-12,38.15
2003-06-11,37.41
2003-06-10,37.15
2003-06-09,36.8
2003-06-06,36.35
2003-06-05,36.14
2003-06-04,36.98
2003-06-03,36.34
2003-06-02,36.93
2003-05-30,36.85
2003-05-29,35.27
2003-05-28,35.72
2003-05-27,35.1
2003-05-26,33.92
2003-05-23,34.75
2003-05-22,34.55
2003-05-21,35.25
2003-05-20,35.44
2003-05-19,35.73
2003-05-16,37.93
2003-05-15,37.8
2003-05-14,37.3
2003-05-13,36.3
2003-05-12,37.25
2003-05-09,38.0
2003-05-08,36.5
2003-05-07,38.59
2003-05-06,40.5
2003-05-05,40.25
2003-05-02,40.45
2003-05-01,39.78
2003-04-30,39.97
2003-04-29,39.27
2003-04-28,39.15
2003-04-25,38.5
2003-04-24,39.57
2003-04-23,40.26
2003-04-22,40.52
2003-04-21,39.5
2003-04-18,39.5
2003-04-17,39.5
2003-04-16,37.9
2003-04-15,38.05
2003-04-14,38.8
2003-04-11,38.43
2003-04-10,38.15
2003-04-09,38.25
2003-04-08,38.72
2003-04-07,39.2
2003-04-04,38.32
2003-04-03,36.6
2003-04-02,36.14
2003-04-01,33.81
2003-03-31,34.11
2003-03-28,35.37
2003-03-27,36.3
2003-03-26,36.0
2003-03-25,36.09
2003-03-24,35.4
2003-03-21,37.99
2003-03-20,36.8
2003-03-19,36.65
2003-03-18,35.39
2003-03-17,31.19
2003-03-14,30.8
2003-03-13,31.06
2003-03-12,28.41
2003-03-11,30.73
2003-03-10,31.61
2003-03-07,32.53
2003-03-06,32.9
2003-03-05,33.22
2003-03-04,33.55
2003-03-03,34.0
2003-02-28,33.55
2003-02-27,33.79
2003-02-26,32.72
2003-02-25,33.21
2003-02-24,32.83
2003-02-21,34.06
2003-02-20,33.4
2003-02-19,33.88
2003-02-18,34.85
2003-02-17,34.78
2003-02-14,34.59
2003-02-13,32.78
2003-02-12,32.9
2003-02-11,33.98
2003-02-10,33.35
2003-02-07,33.0
2003-02-06,33.6
2003-02-05,34.8
2003-02-04,33.45
2003-02-03,34.68
2003-01-31,34.96
2003-01-30,33.2
2003-01-29,33.6
2003-01-28,32.5
2003-01-27,31.86
2003-01-24,33.54
2003-01-23,34.34
2003-01-22,34.28
2003-01-21,35.1
2003-01-20,35.77
2003-01-17,36.0
2003-01-16,37.9
2003-01-15,36.69
2003-01-14,37.33
2003-01-13,36.8
2003-01-10,36.2
2003-01-09,36.5
2003-01-08,37.38
2003-01-07,38.34
2003-01-06,39.2
2003-01-03,38.05
2003-01-02,43.99
2003-01-01,36.08
2002-12-31,36.08
2002-12-30,36.08
2002-12-27,35.7
2002-12-26,36.05
2002-12-25,36.05
2002-12-24,36.05
2002-12-23,37.41
2002-12-20,34.6
2002-12-19,35.8
2002-12-18,36.0
2002-12-17,38.0
2002-12-16,38.32
2002-12-13,37.95
2002-12-12,39.03
2002-12-11,39.7
2002-12-10,39.22
2002-12-09,38.67
2002-12-06,39.3
2002-12-05,39.7
2002-12-04,40.44
2002-12-03,40.43
2002-12-02,40.79
2002-11-29,39.0
2002-11-28,38.75
2002-11-27,38.44
2002-11-26,36.79
2002-11-25,37.65
2002-11-22,38.08
2002-11-21,37.8
2002-11-20,37.3
2002-11-19,37.0
2002-11-18,38.0
2002-11-15,38.06
2002-11-14,38.1
2002-11-13,37.61
2002-11-12,38.18
2002-11-11,37.14
2002-11-08,36.55
2002-11-07,36.64
2002-11-06,37.92
2002-11-05,38.6
2002-11-04,38.55
2002-11-01,37.0
2002-10-31,37.15
2002-10-30,34.0
2002-10-29,36.18
2002-10-28,37.77
2002-10-25,36.25
2002-10-24,36.75
2002-10-23,37.0
2002-10-22,37.5
2002-10-21,45.0
2002-10-18,38.4
2002-10-17,38.63
2002-10-16,38.95
2002-10-15,38.9
2002-10-14,35.79
2002-10-11,36.86
2002-10-10,34.75
2002-10-09,33.5
2002-10-08,32.9
2002-10-07,34.01
2002-10-04,35.25
2002-10-03,36.15
2002-10-02,36.0
2002-10-01,36.4
2002-09-30,35.68
2002-09-27,36.78
2002-09-26,36.89
2002-09-25,36.78
2002-09-24,36.15
2002-09-23,37.65
2002-09-20,39.0
2002-09-19,38.95
2002-09-18,39.01
2002-09-17,39.74
2002-09-16,40.87
2002-09-13,40.25
2002-09-12,40.58
2002-09-11,41.7
2002-09-10,40.72
2002-09-09,40.65
2002-09-06,41.58
2002-09-05,40.29
2002-09-04,39.99
2002-09-03,39.25
2002-09-02,41.5
2002-08-30,42.2
2002-08-29,40.53
2002-08-28,42.45
2002-08-27,42.45
2002-08-26,42.45
2002-08-23,42.45
2002-08-22,42.45
2002-08-21,41.35
2002-08-20,40.55
2002-08-19,41.55
2002-08-16,41.22
2002-08-15,41.4
2002-08-14,40.5
2002-08-13,42.5
2002-08-12,41.9
2002-08-09,42.95
2002-08-08,45.5
2002-08-07,39.52
2002-08-06,39.97
2002-08-05,37.1
2002-08-02,39.15
2002-08-01,38.6
2002-07-31,38.5
2002-07-30,40.9
2002-07-29,49.0
2002-07-26,38.8
2002-07-25,37.5
2002-07-24,37.9
2002-07-23,36.93
2002-07-22,38.49
2002-07-19,38.8
2002-07-18,42.6
2002-07-17,42.16
2002-07-16,41.8
2002-07-15,41.85
2002-07-12,43.35
2002-07-11,43.1
2002-07-10,44.13
2002-07-09,45.9
2002-07-08,47.75
2002-07-05,47.2
2002-07-04,46.45
2002-07-03,45.84
2002-07-02,45.65
2002-07-01,46.4
2002-06-28,46.8
2002-06-27,45.4
2002-06-26,44.72
2002-06-25,46.35
2002-06-24,45.38
2002-06-21,48.02
2002-06-20,45.0
2002-06-19,45.2
2002-06-18,45.75
2002-06-17,45.99
2002-06-14,43.94
2002-06-13,45.75
2002-06-12,45.45
2002-06-11,46.25
2002-06-10,46.95
2002-06-07,46.29
2002-06-06,47.19
2002-06-05,46.6
2002-06-04,46.77
2002-06-03,48.73
2002-05-31,49.8
2002-05-30,48.8
2002-05-29,48.9
2002-05-28,49.0
2002-05-27,49.0
2002-05-24,48.58
2002-05-23,48.25
2002-05-22,48.0
2002-05-21,48.8
2002-05-20,48.33
2002-05-17,48.75
2002-05-16,47.51
2002-05-15,48.2
2002-05-14,47.65
2002-05-13,47.49
2002-05-10,46.75
2002-05-09,46.17
2002-05-08,46.45
2002-05-07,45.05
2002-05-06,45.42
2002-05-03,46.15
2002-05-02,46.85
2002-05-01,47.6
2002-04-30,47.6
2002-04-29,44.9
2002-04-26,45.04
2002-04-25,44.6
2002-04-24,46.95
2002-04-23,46.94
2002-04-22,47.85
2002-04-19,47.77
2002-04-18,47.25
2002-04-17,47.48
2002-04-16,47.45
2002-04-15,47.4
2002-04-12,47.05
2002-04-11,46.48
2002-04-10,47.35
2002-04-09,46.6
2002-04-08,47.0
2002-04-05,47.04
2002-04-04,46.79
2002-04-03,48.0
2002-04-02,47.25
2002-04-01,46.5
2002-03-29,46.5
2002-03-28,46.5
2002-03-27,45.92
2002-03-26,46.8
2002-03-25,47.0
2002-03-22,47.35
2002-03-21,46.75
2002-03-20,46.95
2002-03-19,47.12
2002-03-18,47.03
2002-03-15,46.82
2002-03-14,46.1
2002-03-13,45.66
2002-03-12,46.49
2002-03-11,46.6
2002-03-08,47.05
2002-03-07,46.51
2002-03-06,46.3
2002-03-05,45.82
2002-03-04,45.85
2002-03-01,44.72
2002-02-28,44.36
2002-02-27,44.05
2002-02-26,43.35
2002-02-25,42.95
2002-02-22,42.48
2002-02-21,41.8
2002-02-20,40.95
2002-02-19,40.71
2002-02-18,41.45
2002-02-15,41.05
2002-02-14,41.68
2002-02-13,43.25
2002-02-12,43.91
2002-02-11,43.7
2002-02-08,42.85
2002-02-07,43.0
2002-02-06,43.5
2002-02-05,45.0
2002-02-04,44.9
2002-02-01,44.95
2002-01-31,44.99
2002-01-30,44.5
2002-01-29,44.08
2002-01-28,44.6
2002-01-25,45.3
2002-01-24,44.73
2002-01-23,44.42
2002-01-22,43.59
2002-01-21,43.35
2002-01-18,43.4
2002-01-17,43.05
2002-01-16,42.1
2002-01-15,41.85
2002-01-14,41.85
2002-01-11,43.0
2002-01-10,43.2
2002-01-09,43.0
2002-01-08,42.81
2002-01-07,43.41
2002-01-04,42.8
2002-01-03,43.07
2002-01-02,42.5
2002-01-01,41.75
2001-12-31,41.75
2001-12-28,41.75
2001-12-27,41.8
2001-12-26,40.6
2001-12-25,40.6
2001-12-24,40.6
2001-12-21,40.6
2001-12-20,39.56
2001-12-19,41.02
2001-12-18,41.74
2001-12-17,41.26
2001-12-14,40.84
2001-12-13,40.9
2001-12-12,42.1
2001-12-11,43.0
2001-12-10,42.95
2001-12-07,43.0
2001-12-06,43.85
2001-12-05,44.34
2001-12-04,42.95
2001-12-03,42.56
2001-11-30,42.56
2001-11-29,43.5
2001-11-28,42.31
2001-11-27,43.3
2001-11-26,43.33
2001-11-23,43.2
2001-11-22,42.95
2001-11-21,43.4
2001-11-20,43.3
2001-11-19,43.39
2001-11-16,41.86
2001-11-15,39.7
2001-11-14,40.85
2001-11-13,41.59
2001-11-12,40.09
2001-11-09,40.8
2001-11-08,41.7
2001-11-07,40.45
2001-11-06,39.15
2001-11-05,39.05
2001-11-02,37.71
2001-11-01,38.57
2001-10-31,37.7
2001-10-30,37.6
2001-10-29,38.6
2001-10-26,39.18
2001-10-25,38.5
2001-10-24,39.39
2001-10-23,39.5
2001-10-22,38.04
2001-10-19,38.5
2001-10-18,38.5
2001-10-17,39.37
2001-10-16,39.72
2001-10-15,39.72
2001-10-12,42.97
2001-10-11,40.1
2001-10-10,39.67
2001-10-09,38.51
2001-10-08,38.21
2001-10-05,39.17
2001-10-04,37.69
2001-10-03,37.21
2001-10-02,37.21
2001-10-01,38.28
2001-09-28,39.04
2001-09-27,37.2
2001-09-26,36.68
2001-09-25,34.95
2001-09-24,30.89
2001-09-21,30.89
2001-09-20,31.8
2001-09-19,34.31
2001-09-18,36.21
2001-09-17,38.2
2001-09-14,37.65
2001-09-13,40.4
2001-09-12,40.7
2001-09-11,41.4
2001-09-10,43.33
2001-09-07,44.92
2001-09-06,45.6
2001-09-05,46.15
2001-09-04,46.75
2001-09-03,45.4
2001-08-31,44.9
2001-08-30,45.43
2001-08-29,46.29
2001-08-28,46.74
2001-08-27,46.25
2001-08-24,46.05
2001-08-23,45.24
2001-08-22,45.7
2001-08-21,44.82
2001-08-20,44.45
2001-08-17,43.99
2001-08-16,44.49
2001-08-15,44.8
2001-08-14,45.0
2001-08-13,44.9
2001-08-10,44.88
2001-08-09,44.3
2001-08-08,44.39
2001-08-07,45.7
2001-08-06,46.1
2001-08-03,45.19
2001-08-02,45.95
2001-08-01,46.95
2001-07-31,46.35
2001-07-30,46.15
2001-07-27,45.34
2001-07-26,45.1
2001-07-25,45.08
2001-07-24,46.45
2001-07-23,47.03
2001-07-20,47.2
2001-07-19,47.46
2001-07-18,46.91
2001-07-17,47.27
2001-07-16,47.4
2001-07-13,47.3
2001-07-12,47.3
2001-07-11,46.6
2001-07-10,46.41
2001-07-09,47.83
2001-07-06,46.8
2001-07-05,47.28
2001-07-04,47.09
2001-07-03,46.65
2001-07-02,46.79
2001-06-29,46.7
2001-06-28,45.5
2001-06-27,43.78
2001-06-26,44.0
2001-06-25,43.74
2001-06-22,43.88
2001-06-21,44.0
2001-06-20,44.77
2001-06-19,44.01
2001-06-18,44.71
2001-06-15,45.65
2001-06-14,45.65
2001-06-13,46.14
2001-06-12,46.35
2001-06-11,46.2
2001-06-08,45.04
2001-06-07,46.71
2001-06-06,46.9
2001-06-05,44.5
2001-06-04,47.63
2001-06-01,47.25
2001-05-31,47.51
2001-05-30,46.9
2001-05-29,47.15
2001-05-28,48.3
2001-05-25,48.14
2001-05-24,48.8
2001-05-23,49.35
2001-05-22,49.95
2001-05-21,49.94
2001-05-18,49.82
2001-05-17,49.22
2001-05-16,48.66
2001-05-15,47.9
2001-05-14,47.9
2001-05-11,48.57
2001-05-10,48.21
2001-05-09,48.21
2001-05-08,47.2
2001-05-07,46.9
2001-05-04,46.9
2001-05-03,45.4
2001-05-02,47.25
2001-05-01,48.71
2001-04-30,48.71
2001-04-27,49.5
2001-04-26,49.3
2001-04-25,48.35
2001-04-24,49.3
2001-04-23,48.4
2001-04-20,49.1
2001-04-19,49.35
2001-04-18,48.07
2001-04-17,47.56
2001-04-16,47.4
2001-04-13,47.4
2001-04-12,47.4
2001-04-11,46.51
2001-04-10,45.77
2001-04-09,45.79
2001-04-06,44.58
2001-04-05,44.27
2001-04-04,44.0
2001-04-03,43.81
2001-04-02,45.03
2001-03-30,45.26
2001-03-29,46.05
2001-03-28,45.55
2001-03-27,46.07
2001-03-26,43.97
2001-03-23,42.95
2001-03-22,42.96
2001-03-21,45.04
2001-03-20,46.65
2001-03-19,46.35
2001-03-16,45.33
2001-03-15,47.4
2001-03-13,48.3
2001-03-12,49.38
2001-03-09,49.73
2001-03-08,50.18
2001-03-07,50.45
2001-03-06,49.47
2001-03-05,49.48
2001-03-02,48.54
2001-03-01,48.87
2001-02-28,48.96
2001-02-27,48.41
2001-02-26,47.96
2001-02-23,46.5
2001-02-22,47.15
2001-02-21,47.65
2001-02-20,47.94
2001-02-19,48.15
2001-02-16,46.95
2001-02-15,47.05
2001-02-14,47.05
2001-02-13,46.55
2001-02-12,46.7
2001-02-09,46.81
2001-02-08,47.5
2001-02-07,47.5
2001-02-06,47.79
2001-02-05,48.27
2001-02-02,48.0
2001-02-01,47.85
2001-01-31,47.05
2001-01-30,46.4
2001-01-29,46.0
2001-01-26,45.72
2001-01-25,45.08
2001-01-24,45.11
2001-01-23,46.0
2001-01-22,45.6
2001-01-19,44.2
2001-01-18,46.25
2001-01-17,46.83
2001-01-16,47.4
2001-01-15,46.66
2001-01-12,46.12
2001-01-11,46.35
2001-01-10,46.15
2001-01-09,48.1
2001-01-08,48.92
2001-01-05,49.15
2001-01-04,49.15
2001-01-03,48.0
2001-01-02,48.66
2001-01-01,48.17
2000-12-29,48.17
2000-12-28,47.84
2000-12-27,47.58
2000-12-22,46.6
2000-12-21,46.4
2000-12-20,47.2
2000-12-19,47.15
2000-12-18,47.45
2000-12-15,46.05
2000-12-14,46.12
2000-12-13,45.9
2000-12-12,45.8
2000-12-11,47.0
2000-12-08,47.95
2000-12-07,47.19
2000-12-06,46.67
2000-12-05,46.19
2000-12-04,43.9
2000-12-01,44.12
2000-11-30,43.5
2000-11-29,44.32
2000-11-28,44.25
2000-11-27,43.73
2000-11-24,43.67
2000-11-23,43.0
2000-11-22,42.89
2000-11-21,43.36
2000-11-20,42.55
2000-11-17,42.81
2000-11-16,43.5
2000-11-15,44.3
2000-11-14,42.97
2000-11-13,42.97
2000-11-10,44.1
2000-11-09,43.5
2000-11-08,44.2
2000-11-07,44.7
2000-11-06,45.51
2000-11-03,45.92
2000-11-02,45.85
2000-11-01,45.75
2000-10-31,45.08
2000-10-30,45.08
2000-10-27,43.5
2000-10-26,42.01
2000-10-25,42.4
2000-10-24,40.7
2000-10-23,40.7
2000-10-20,40.5
2000-10-19,40.5
2000-10-18,40.5
2000-10-17,40.5
2000-10-16,40.5
2000-10-13,40.5
2000-10-12,40.5
2000-10-11,41.69
2000-10-10,42.19
2000-10-09,41.67
2000-10-06,42.95
2000-10-05,42.7
2000-10-04,41.88
2000-10-03,40.55
2000-10-02,40.55
2000-09-29,40.1
2000-09-28,40.47
2000-09-27,40.1
2000-09-26,40.5
2000-09-25,40.5
2000-09-22,40.64
2000-09-21,39.58
2000-09-20,40.2
2000-09-19,41.25
2000-09-18,40.86
2000-09-15,41.69
2000-09-14,41.5
2000-09-13,41.49
2000-09-12,41.49
2000-09-11,42.03
2000-09-08,41.87
2000-09-07,42.6
2000-09-06,43.83
2000-09-05,43.77
2000-09-04,42.75
2000-09-01,42.11
2000-08-31,41.74
2000-08-30,42.25
2000-08-29,42.6
2000-08-28,42.83
2000-08-25,42.15
2000-08-24,41.98
2000-08-23,42.18
2000-08-22,42.49
2000-08-21,41.82
2000-08-18,41.6
2000-08-17,41.4
2000-08-16,41.88
2000-08-15,42.3
2000-08-14,42.24
2000-08-11,41.87
2000-08-10,42.05
2000-08-09,41.91
2000-08-08,42.3
2000-08-07,45.05
2000-08-04,44.85
2000-08-03,44.76
2000-08-02,44.25
2000-08-01,44.7
2000-07-31,44.25
2000-07-28,44.44
2000-07-27,44.35
2000-07-26,44.94
2000-07-25,44.7
2000-07-24,44.75
2000-07-21,43.9
2000-07-20,44.0
2000-07-19,43.5
2000-07-18,44.25
2000-07-17,43.89
2000-07-14,43.65
2000-07-13,43.55
2000-07-12,43.55
2000-07-11,41.99
2000-07-10,42.05
2000-07-07,42.21
2000-07-06,42.21
2000-07-05,42.9
2000-07-04,43.4
2000-07-03,42.9
2000-06-30,42.32
2000-06-29,41.56
2000-06-28,42.13
2000-06-27,41.0
2000-06-26,40.5
2000-06-23,39.3
2000-06-22,39.98
2000-06-21,40.0
2000-06-20,41.07
2000-06-19,42.0
2000-06-16,36.0
2000-06-15,41.78
2000-06-14,42.89
2000-06-13,44.24
2000-06-12,44.77
2000-06-09,45.0
2000-06-08,44.85
2000-06-07,45.7
2000-06-06,44.5
2000-06-05,46.67
2000-06-02,46.06
2000-06-01,44.2
2000-05-31,43.85
2000-05-30,45.26
2000-05-29,45.45
2000-05-26,45.0
2000-05-25,46.0
2000-05-24,47.12
2000-05-23,47.45
2000-05-22,47.18
2000-05-19,47.5
2000-05-18,48.45
2000-05-17,48.2
2000-05-16,49.03
2000-05-15,47.93
2000-05-12,49.03
2000-05-11,49.01
2000-05-10,48.9
2000-05-09,49.0
2000-05-08,49.0
2000-05-05,48.85
2000-05-04,48.5
2000-05-03,47.55
2000-05-02,47.65
2000-05-01,48.09
2000-04-28,48.09
2000-04-27,49.0
2000-04-26,48.8
2000-04-25,47.75
2000-04-24,46.01
2000-04-21,46.01
2000-04-20,46.01
2000-04-19,45.5
2000-04-18,47.31
2000-04-17,48.35
2000-04-14,48.64
2000-04-13,49.7
2000-04-12,49.29
2000-04-11,47.66
2000-04-10,47.15
2000-04-07,47.5
2000-04-06,48.0
2000-04-05,49.45
2000-04-04,50.68
2000-04-03,48.8
2000-03-31,49.55
2000-03-30,49.32
2000-03-29,49.7
2000-03-28,49.0
2000-03-27,49.25
2000-03-24,49.8
2000-03-23,49.1
2000-03-22,49.15
2000-03-21,48.7
2000-03-20,49.4
2000-03-17,50.0
2000-03-16,48.89
2000-03-15,47.4
2000-03-14,47.85
2000-03-13,46.65
2000-03-10,46.2
2000-03-09,45.79
2000-03-08,45.65
2000-03-07,44.8
2000-03-06,46.25
2000-03-03,45.41
2000-03-02,46.9
2000-03-01,46.2
2000-02-29,47.9
2000-02-28,46.9
2000-02-25,45.16
2000-02-24,45.9
2000-02-23,47.14
2000-02-22,46.5
2000-02-21,47.0
2000-02-18,47.4
2000-02-17,46.5
2000-02-16,43.99
2000-02-15,40.99
2000-02-14,43.2
2000-02-11,44.13
2000-02-10,44.0
2000-02-09,43.1
2000-02-08,43.05
2000-02-07,41.75
2000-02-04,43.07
2000-02-03,43.65
2000-02-02,45.0
2000-02-01,42.02
2000-01-31,44.05
2000-01-28,45.25
2000-01-27,44.55
2000-01-26,44.02
2000-01-25,45.25
2000-01-24,47.18
2000-01-21,48.05
2000-01-20,49.4
2000-01-19,49.84
2000-01-18,47.95
2000-01-17,47.87
2000-01-14,47.5
2000-01-13,47.5
2000-01-12,48.0
2000-01-11,47.99
2000-01-10,50.22
2000-01-07,50.0
2000-01-06,48.03
2000-01-05,46.75
2000-01-04,47.85
2000-01-03,49.75
